unix,raw
1789869946.2905629,2026/09/20 10:05:46.356, 100, 54, 325.13, 1755, 45651
1789869946.4906895,2026/09/20 10:05:46.553, 100, 48, 325.13, 1725, 45651
1789869946.6908216,2026/09/20 10:05:46.733, 100, 62, 327.89, 1755, 45651
1789869946.8909507,2026/09/20 10:05:46.956, 100, 57, 330.75, 1815, 45651
1789869947.0910866,2026/09/20 10:05:47.150, 100, 55, 334.85, 1770, 45651
1789869947.2912183,2026/09/20 10:05:47.315, 100, 56, 337.21, 1710, 45651
1789869947.491351,2026/09/20 10:05:47.575, 100, 56, 341.25, 1800, 45651
1789869947.6914876,2026/09/20 10:05:47.776, 100, 56, 343.03, 1815, 45651
1789869947.8916235,2026/09/20 10:05:47.955, 100, 57, 343.54, 1755, 45651
1789869948.0917006,2026/09/20 10:05:48.116, 100, 56, 344.06, 1725, 45651
1789869948.291837,2026/09/20 10:05:48.376, 100, 56, 345.01, 1785, 45651
1789869948.4919786,2026/09/20 10:05:48.517, 100, 59, 345.92, 1815, 45651
1789869948.6921113,2026/09/20 10:05:48.716, 100, 58, 346.29, 1800, 45651
1789869948.8922448,2026/09/20 10:05:48.916, 100, 58, 345.79, 1800, 45651
1789869949.0924027,2026/09/20 10:05:49.137, 100, 55, 345.73, 1815, 45651
1789869949.292538,2026/09/20 10:05:49.355, 26, 2, 309.19, 1950, 45651
1789869949.492619,2026/09/20 10:05:49.540, 0, 0, 290.73, 1950, 45651
1789869949.6928098,2026/09/20 10:05:49.736, 0, 0, 253.82, 1950, 45651
1789869949.8929458,2026/09/20 10:05:49.956, 84, 3, 201.05, 1950, 45651
1789869950.0930278,2026/09/20 10:05:50.175, 73, 2, 165.78, 1950, 45651
1789869950.2931635,2026/09/20 10:05:50.354, 75, 2, 149.01, 1950, 45651
1789869950.4933074,2026/09/20 10:05:50.537, 72, 2, 149.56, 1950, 45651
1789869950.693391,2026/09/20 10:05:50.738, 72, 2, 150.75, 1965, 45651
1789869950.8935328,2026/09/20 10:05:50.949, 74, 2, 152.68, 1965, 45651
1789869951.0936067,2026/09/20 10:05:51.136, 73, 2, 152.46, 1965, 45651
1789869951.2937355,2026/09/20 10:05:51.338, 74, 2, 152.42, 1965, 45651
1789869951.4938657,2026/09/20 10:05:51.537, 76, 2, 152.52, 1965, 45651
1789869951.6939914,2026/09/20 10:05:51.719, 73, 2, 152.56, 1965, 45651
1789869951.8941216,2026/09/20 10:05:51.936, 67, 2, 152.42, 1965, 45651
1789869952.0942545,2026/09/20 10:05:52.138, 70, 2, 152.36, 1965, 45651
1789869952.294411,2026/09/20 10:05:52.319, 69, 2, 152.07, 1965, 45651
1789869952.4945488,2026/09/20 10:05:52.537, 75, 2, 151.89, 1965, 45651
1789869952.694679,2026/09/20 10:05:52.718, 68, 2, 151.63, 1965, 45651
1789869952.8948157,2026/09/20 10:05:52.919, 77, 2, 151.52, 1965, 45651
1789869953.0949514,2026/09/20 10:05:53.174, 68, 2, 151.34, 1965, 45651
1789869953.29509,2026/09/20 10:05:53.354, 73, 2, 151.43, 1965, 45651
1789869953.495218,2026/09/20 10:05:53.540, 69, 2, 151.38, 1965, 45651
1789869953.6953568,2026/09/20 10:05:53.782, 74, 2, 151.40, 1965, 45651
1789869953.895489,2026/09/20 10:05:53.963, 68, 2, 151.29, 1965, 45651
1789869954.0955782,2026/09/20 10:05:54.141, 67, 2, 151.26, 1965, 45651
1789869954.2957184,2026/09/20 10:05:54.340, 68, 2, 151.43, 1965, 45651
1789869954.4958014,2026/09/20 10:05:54.579, 75, 2, 151.21, 1965, 45651
1789869954.6958904,2026/09/20 10:05:54.758, 69, 2, 151.15, 1965, 45651
1789869954.8960528,2026/09/20 10:05:54.940, 69, 2, 151.15, 1965, 45651
1789869955.0961368,2026/09/20 10:05:55.159, 69, 2, 151.06, 1965, 45651
1789869955.2962785,2026/09/20 10:05:55.342, 86, 4, 151.24, 1965, 45651
1789869955.4964252,2026/09/20 10:05:55.540, 0, 0, 150.24, 1965, 45651
1789869955.6965692,2026/09/20 10:05:55.721, 0, 0, 148.87, 1965, 45651
1789869955.8967004,2026/09/20 10:05:55.942, 98, 26, 158.91, 1935, 45651
1789869956.096792,2026/09/20 10:05:56.159, 96, 51, 195.49, 1830, 45651
1789869956.296932,2026/09/20 10:05:56.363, 95, 48, 223.42, 1740, 45651
1789869956.49707,2026/09/20 10:05:56.580, 96, 54, 254.27, 1815, 45651
1789869956.6972332,2026/09/20 10:05:56.758, 96, 31, 280.95, 1905, 45651
1789869956.8973484,2026/09/20 10:05:56.942, 96, 30, 291.45, 1695, 45651
1789869957.0974815,2026/09/20 10:05:57.141, 100, 48, 302.30, 1830, 45651
1789869957.297563,2026/09/20 10:05:57.344, 100, 55, 309.95, 1755, 45651
1789869957.4977124,2026/09/20 10:05:57.543, 100, 50, 311.74, 1695, 45651
1789869957.6977925,2026/09/20 10:05:57.780, 100, 53, 314.19, 1770, 45651
1789869957.8978772,2026/09/20 10:05:57.923, 100, 55, 320.72, 1755, 45651
1789869958.0979612,2026/09/20 10:05:58.158, 100, 55, 326.87, 1740, 45651
1789869958.2980912,2026/09/20 10:05:58.340, 100, 59, 326.99, 1770, 45651
1789869958.498229,2026/09/20 10:05:58.524, 100, 55, 329.92, 1740, 45651
1789869958.6983075,2026/09/20 10:05:58.741, 100, 55, 334.65, 1755, 45651
1789869958.8983915,2026/09/20 10:05:58.941, 100, 57, 338.32, 1740, 45651
1789869959.0984793,2026/09/20 10:05:59.162, 100, 56, 344.19, 1755, 45651
1789869959.2985566,2026/09/20 10:05:59.359, 100, 56, 345.41, 1740, 45651
1789869959.4986434,2026/09/20 10:05:59.558, 100, 57, 345.83, 1740, 45651
1789869959.6987238,2026/09/20 10:05:59.741, 100, 57, 345.99, 1710, 45651
1789869959.8988013,2026/09/20 10:05:59.942, 100, 58, 345.86, 1725, 45651
1789869960.0989478,2026/09/20 10:06:00.164, 100, 57, 345.70, 1725, 45651
1789869960.2990851,2026/09/20 10:06:00.363, 100, 57, 346.23, 1710, 45651
1789869960.499161,2026/09/20 10:06:00.544, 100, 55, 345.38, 1815, 45651
1789869960.6992984,2026/09/20 10:06:00.724, 100, 56, 344.99, 1770, 45651
1789869960.8994243,2026/09/20 10:06:00.986, 1, 0, 311.57, 1950, 45651
1789869961.0995662,2026/09/20 10:06:01.146, 0, 0, 274.94, 1965, 45651
1789869961.2997067,2026/09/20 10:06:01.345, 0, 0, 237.83, 1965, 45651
1789869961.499779,2026/09/20 10:06:01.567, 98, 23, 212.72, 1695, 45651
1789869961.6998641,2026/09/20 10:06:01.766, 96, 47, 200.38, 1860, 45651
1789869961.899946,2026/09/20 10:06:01.947, 96, 49, 208.84, 1695, 45651
1789869962.1000752,2026/09/20 10:06:02.182, 96, 52, 239.48, 1845, 45651
1789869962.3002064,2026/09/20 10:06:02.346, 98, 53, 271.82, 1860, 45651
1789869962.5002894,2026/09/20 10:06:02.525, 96, 35, 281.62, 1965, 45651
1789869962.7004237,2026/09/20 10:06:02.748, 100, 49, 303.56, 1710, 45651
1789869962.9005744,2026/09/20 10:06:02.924, 100, 50, 306.26, 1725, 45651
1789869963.1007116,2026/09/20 10:06:03.145, 100, 53, 311.88, 1710, 45651
1789869963.300845,2026/09/20 10:06:03.383, 100, 49, 311.82, 1845, 45651
1789869963.5009794,2026/09/20 10:06:03.548, 100, 55, 320.43, 1800, 45651
1789869963.7010517,2026/09/20 10:06:03.745, 100, 50, 324.15, 1905, 45651
1789869963.9011934,2026/09/20 10:06:03.926, 100, 54, 325.61, 1845, 45651
1789869964.1013079,2026/09/20 10:06:04.148, 100, 55, 327.46, 1800, 45651
1789869964.3014421,2026/09/20 10:06:04.362, 100, 56, 331.82, 1770, 45651
1789869964.5015202,2026/09/20 10:06:04.545, 100, 57, 334.01, 1755, 45651
1789869964.7015932,2026/09/20 10:06:04.727, 100, 55, 335.88, 1710, 45651
1789869964.9016707,2026/09/20 10:06:04.947, 100, 56, 342.24, 1740, 45651
1789869965.1017601,2026/09/20 10:06:05.137, 100, 57, 343.76, 1725, 45651
1789869965.3018959,2026/09/20 10:06:05.346, 100, 58, 344.47, 1695, 45651
1789869965.5020351,2026/09/20 10:06:05.568, 100, 56, 344.95, 1740, 45651
1789869965.7021081,2026/09/20 10:06:05.726, 100, 58, 344.94, 1800, 45651
1789869965.9021945,2026/09/20 10:06:05.965, 100, 56, 345.36, 1695, 45651
1789869966.1023352,2026/09/20 10:06:06.169, 100, 56, 345.29, 1725, 45651
1789869966.3024223,2026/09/20 10:06:06.328, 100, 55, 345.02, 1800, 45651
1789869966.5025609,2026/09/20 10:06:06.566, 44, 13, 330.22, 1950, 45651
1789869966.702732,2026/09/20 10:06:06.749, 0, 0, 293.69, 1950, 45651
1789869966.902864,2026/09/20 10:06:06.970, 0, 0, 256.46, 1965, 45651
1789869967.1029983,2026/09/20 10:06:07.128, 34, 1, 238.88, 1965, 45651
1789869967.3031595,2026/09/20 10:06:07.328, 98, 25, 214.24, 1860, 45651
1789869967.50329,2026/09/20 10:06:07.567, 96, 52, 205.18, 1845, 45651
1789869967.7034233,2026/09/20 10:06:07.767, 95, 48, 232.30, 1845, 45651
1789869967.9035566,2026/09/20 10:06:07.987, 96, 49, 265.32, 1860, 45651
1789869968.1036887,2026/09/20 10:06:08.166, 96, 14, 286.90, 1965, 45651
1789869968.3038325,2026/09/20 10:06:08.368, 100, 51, 306.44, 1845, 45651
1789869968.5039818,2026/09/20 10:06:08.567, 100, 54, 311.11, 1740, 45651
1789869968.7041287,2026/09/20 10:06:08.772, 100, 50, 313.30, 1755, 45651
1789869968.904277,2026/09/20 10:06:08.970, 100, 50, 313.06, 1830, 45651
1789869969.1044178,2026/09/20 10:06:09.171, 100, 53, 314.21, 1710, 45651
1789869969.304549,2026/09/20 10:06:09.387, 100, 38, 321.44, 1815, 45651
1789869969.5046854,2026/09/20 10:06:09.549, 100, 56, 325.27, 1830, 45651
1789869969.7048287,2026/09/20 10:06:09.786, 100, 55, 329.65, 1770, 45651
1789869969.9049134,2026/09/20 10:06:09.967, 100, 56, 334.21, 1740, 45651
1789869970.1050544,2026/09/20 10:06:10.168, 100, 56, 335.80, 1725, 45651
1789869970.3051894,2026/09/20 10:06:10.366, 100, 57, 339.42, 1725, 45651
1789869970.5052469,2026/09/20 10:06:10.549, 100, 56, 344.00, 1800, 45651
1789869970.705384,2026/09/20 10:06:10.768, 100, 56, 343.69, 1710, 45651
1789869970.9054632,2026/09/20 10:06:10.966, 100, 56, 343.07, 1800, 45651
1789869971.1055973,2026/09/20 10:06:11.166, 100, 56, 342.55, 1815, 45651
1789869971.3057299,2026/09/20 10:06:11.387, 100, 57, 342.56, 1800, 45651
1789869971.5058813,2026/09/20 10:06:11.549, 100, 56, 343.05, 1770, 45651
1789869971.7060156,2026/09/20 10:06:11.766, 100, 56, 343.19, 1785, 45651
1789869971.9061942,2026/09/20 10:06:11.966, 100, 57, 343.47, 1770, 45651
1789869972.1063771,2026/09/20 10:06:12.186, 97, 40, 339.26, 1920, 45651
1789869972.3065112,2026/09/20 10:06:12.390, 0, 0, 303.33, 1950, 45651
1789869972.506645,2026/09/20 10:06:12.570, 0, 0, 267.00, 1950, 45651
1789869972.7067811,2026/09/20 10:06:12.751, 81, 2, 231.00, 1950, 45651
1789869972.906913,2026/09/20 10:06:12.930, 98, 25, 223.45, 1950, 45651
1789869973.1069937,2026/09/20 10:06:13.131, 96, 40, 210.98, 1710, 45651
1789869973.3070753,2026/09/20 10:06:13.366, 96, 48, 226.79, 1860, 45651
1789869973.507213,2026/09/20 10:06:13.550, 96, 49, 259.76, 1725, 45651
1789869973.7073424,2026/09/20 10:06:13.751, 96, 31, 286.81, 1875, 45651
1789869973.9074802,2026/09/20 10:06:13.971, 100, 49, 301.39, 1830, 45651
1789869974.1075952,2026/09/20 10:06:14.131, 100, 49, 307.42, 1845, 45651
1789869974.3077374,2026/09/20 10:06:14.392, 100, 51, 314.24, 1770, 45651
1789869974.507813,2026/09/20 10:06:14.571, 100, 49, 312.41, 1860, 45651
1789869974.7079463,2026/09/20 10:06:14.770, 100, 53, 314.32, 1755, 45651
1789869974.908096,2026/09/20 10:06:14.970, 100, 51, 326.05, 1740, 45651
1789869975.1082456,2026/09/20 10:06:15.172, 99, 54, 326.90, 1785, 45651
1789869975.308377,2026/09/20 10:06:15.332, 100, 60, 326.01, 1710, 45651
1789869975.5085409,2026/09/20 10:06:15.554, 100, 56, 330.89, 1785, 45651
1789869975.708616,2026/09/20 10:06:15.754, 100, 56, 334.43, 1770, 45651
1789869975.9087493,2026/09/20 10:06:15.955, 100, 57, 336.67, 1755, 45651
1789869976.1088812,2026/09/20 10:06:16.190, 100, 56, 341.62, 1815, 45651
1789869976.3090115,2026/09/20 10:06:16.371, 100, 56, 343.26, 1770, 45651
1789869976.5091,2026/09/20 10:06:16.553, 100, 57, 344.21, 1725, 45651
1789869976.7091734,2026/09/20 10:06:16.734, 100, 58, 344.52, 1710, 45651
1789869976.9093251,2026/09/20 10:06:16.952, 100, 56, 344.55, 1725, 45651
1789869977.1094034,2026/09/20 10:06:17.154, 100, 56, 344.60, 1710, 45651
1789869977.3094776,2026/09/20 10:06:17.390, 100, 56, 344.16, 1740, 45651
1789869977.5096185,2026/09/20 10:06:17.591, 100, 56, 344.12, 1755, 45651
1789869977.7096968,2026/09/20 10:06:17.755, 100, 51, 343.30, 1815, 45651
1789869977.9097764,2026/09/20 10:06:17.970, 0, 0, 311.70, 1950, 45651
1789869978.109913,2026/09/20 10:06:18.153, 0, 0, 275.35, 1950, 45651
1789869978.3100424,2026/09/20 10:06:18.371, 62, 1, 239.82, 1950, 45651
1789869978.5101788,2026/09/20 10:06:18.570, 98, 30, 222.33, 1695, 45651
1789869978.7103126,2026/09/20 10:06:18.754, 96, 49, 214.32, 1695, 45651
1789869978.9103909,2026/09/20 10:06:18.975, 96, 50, 225.16, 1740, 45651
1789869979.1105344,2026/09/20 10:06:19.175, 96, 49, 256.06, 1695, 45651
1789869979.3106682,2026/09/20 10:06:19.334, 96, 47, 271.22, 1710, 45651
1789869979.5108004,2026/09/20 10:06:19.535, 96, 11, 303.40, 1845, 45651
1789869979.7109432,2026/09/20 10:06:19.752, 100, 51, 311.90, 1845, 45651
1789869979.9110794,2026/09/20 10:06:19.935, 100, 49, 310.22, 1710, 45651
1789869980.1112201,2026/09/20 10:06:20.176, 100, 54, 313.38, 1740, 45651
1789869980.3113513,2026/09/20 10:06:20.395, 100, 51, 314.56, 1740, 45651
1789869980.5115073,2026/09/20 10:06:20.556, 100, 50, 326.93, 1710, 45651
1789869980.7116437,2026/09/20 10:06:20.758, 100, 57, 324.79, 1785, 45651
1789869980.9118054,2026/09/20 10:06:20.994, 100, 57, 327.37, 1785, 45651
1789869981.1119576,2026/09/20 10:06:21.195, 100, 56, 332.32, 1830, 45651
1789869981.3120878,2026/09/20 10:06:21.396, 100, 56, 334.62, 1800, 45651
1789869981.5122194,2026/09/20 10:06:21.559, 100, 58, 339.66, 1770, 45651
1789869981.712372,2026/09/20 10:06:21.755, 100, 56, 344.13, 1725, 45651
1789869981.9125032,2026/09/20 10:06:21.976, 100, 56, 346.38, 1755, 45651
1789869982.1125836,2026/09/20 10:06:22.138, 100, 58, 345.31, 1815, 45651
1789869982.3127155,2026/09/20 10:06:22.357, 100, 56, 345.07, 1695, 45651
1789869982.512854,2026/09/20 10:06:22.575, 100, 56, 344.50, 1755, 45651
1789869982.7129395,2026/09/20 10:06:22.779, 100, 57, 344.09, 1710, 45651
1789869982.9130769,2026/09/20 10:06:22.957, 100, 56, 343.76, 1800, 45651
1789869983.1132102,2026/09/20 10:06:23.176, 100, 56, 342.67, 1770, 45651
1789869983.3133004,2026/09/20 10:06:23.395, 99, 55, 341.69, 1830, 45651
1789869983.5133767,2026/09/20 10:06:23.556, 1, 0, 314.77, 1950, 45651
1789869983.7134526,2026/09/20 10:06:23.757, 0, 0, 278.24, 1950, 45651
1789869983.913545,2026/09/20 10:06:23.976, 8, 0, 242.45, 1950, 45651
1789869984.113685,2026/09/20 10:06:24.157, 98, 24, 218.36, 1830, 45651
1789869984.3137612,2026/09/20 10:06:24.374, 96, 48, 209.77, 1755, 45651
1789869984.5138955,2026/09/20 10:06:24.576, 96, 49, 214.81, 1710, 45651
1789869984.7139876,2026/09/20 10:06:24.776, 95, 47, 245.46, 1845, 45651
1789869984.914071,2026/09/20 10:06:24.957, 96, 48, 277.40, 1725, 45651
1789869985.1141617,2026/09/20 10:06:25.174, 95, 33, 299.88, 1695, 45651
1789869985.314251,2026/09/20 10:06:25.398, 100, 48, 310.58, 1815, 45651
1789869985.5143309,2026/09/20 10:06:25.602, 100, 52, 312.41, 1725, 45651
1789869985.714411,2026/09/20 10:06:25.739, 100, 55, 313.75, 1860, 45651
1789869985.914487,2026/09/20 10:06:25.956, 100, 50, 314.99, 1740, 45651
1789869986.114573,2026/09/20 10:06:26.176, 98, 54, 322.85, 1740, 45651
1789869986.3147116,2026/09/20 10:06:26.376, 100, 42, 324.39, 1770, 45651
1789869986.5148528,2026/09/20 10:06:26.574, 100, 61, 327.17, 1755, 45651
1789869986.7149951,2026/09/20 10:06:26.778, 100, 56, 328.53, 1725, 45651
1789869986.91514,2026/09/20 10:06:26.979, 100, 56, 333.39, 1695, 45651
1789869987.1152873,2026/09/20 10:06:27.162, 100, 57, 335.70, 1800, 45651
1789869987.3154466,2026/09/20 10:06:27.379, 100, 56, 339.61, 1830, 45651
1789869987.5155826,2026/09/20 10:06:27.599, 100, 56, 343.67, 1725, 45651
1789869987.7157276,2026/09/20 10:06:27.801, 100, 57, 344.34, 1800, 45651
1789869987.9158635,2026/09/20 10:06:27.984, 100, 56, 345.33, 1785, 45651
1789869988.1160014,2026/09/20 10:06:28.163, 100, 56, 345.78, 1740, 45651
1789869988.3160865,2026/09/20 10:06:28.381, 100, 57, 345.36, 1770, 45651
1789869988.516227,2026/09/20 10:06:28.561, 100, 56, 345.05, 1725, 45651
1789869988.716376,2026/09/20 10:06:28.761, 100, 56, 344.68, 1740, 45651
1789869988.916519,2026/09/20 10:06:28.979, 100, 58, 345.05, 1740, 45651
1789869989.1166613,2026/09/20 10:06:29.191, 42, 11, 329.52, 1950, 45651
1789869989.3167448,2026/09/20 10:06:29.380, 0, 0, 293.52, 1950, 45651
1789869989.5169015,2026/09/20 10:06:29.561, 0, 0, 256.79, 1950, 45651
1789869989.7170436,2026/09/20 10:06:29.779, 98, 8, 223.01, 1680, 45651
1789869989.9171753,2026/09/20 10:06:29.983, 98, 39, 214.91, 1860, 45651
1789869990.1173136,2026/09/20 10:06:30.143, 95, 47, 210.00, 1875, 45651
1789869990.3174531,2026/09/20 10:06:30.361, 96, 48, 236.18, 1845, 45651
1789869990.517591,2026/09/20 10:06:30.584, 96, 48, 267.81, 1725, 45651
1789869990.717671,2026/09/20 10:06:30.779, 96, 13, 288.71, 1950, 45651
1789869990.9177575,2026/09/20 10:06:30.999, 100, 50, 309.30, 1860, 45651
1789869991.1178362,2026/09/20 10:06:31.198, 100, 50, 309.68, 1740, 45651
1789869991.3179061,2026/09/20 10:06:31.379, 100, 53, 313.52, 1830, 45651
1789869991.5180447,2026/09/20 10:06:31.584, 99, 51, 314.17, 1740, 45651
1789869991.7181292,2026/09/20 10:06:31.780, 100, 52, 315.39, 1815, 45651
1789869991.9182627,2026/09/20 10:06:31.962, 100, 38, 320.88, 1890, 45651
1789869992.118408,2026/09/20 10:06:32.199, 100, 58, 325.39, 1815, 45651
1789869992.3184965,2026/09/20 10:06:32.344, 100, 56, 328.66, 1740, 45651
1789869992.5186357,2026/09/20 10:06:32.579, 100, 56, 332.42, 1770, 45651
1789869992.7187226,2026/09/20 10:06:32.784, 100, 56, 336.81, 1785, 45651
1789869992.918857,2026/09/20 10:06:32.982, 100, 57, 338.26, 1755, 45651
1789869993.1190019,2026/09/20 10:06:33.184, 100, 56, 342.46, 1740, 45651
1789869993.3191383,2026/09/20 10:06:33.368, 100, 57, 343.52, 1725, 45651
1789869993.5192788,2026/09/20 10:06:33.565, 100, 56, 343.17, 1695, 45651
1789869993.7194314,2026/09/20 10:06:33.787, 100, 56, 342.30, 1755, 45651
1789869993.9195917,2026/09/20 10:06:33.983, 100, 57, 342.70, 1710, 45651
1789869994.1197288,2026/09/20 10:06:34.184, 100, 56, 343.42, 1695, 45651
1789869994.319821,2026/09/20 10:06:34.365, 100, 56, 343.60, 1815, 45651
1789869994.519914,2026/09/20 10:06:34.603, 100, 57, 343.78, 1710, 45651
1789869994.720058,2026/09/20 10:06:34.809, 84, 33, 337.57, 1950, 45651
1789869994.920139,2026/09/20 10:06:34.965, 0, 0, 301.95, 1950, 45651
1789869995.1202664,2026/09/20 10:06:35.165, 0, 0, 265.41, 1950, 45651
1789869995.3204076,2026/09/20 10:06:35.368, 89, 3, 230.67, 1950, 45651
1789869995.5205479,2026/09/20 10:06:35.564, 98, 26, 214.17, 1875, 45651
1789869995.7206883,2026/09/20 10:06:35.766, 95, 48, 209.38, 1710, 45651
1789869995.9207695,2026/09/20 10:06:35.965, 96, 48, 228.74, 1830, 45651
1789869996.1208553,2026/09/20 10:06:36.188, 95, 48, 259.77, 1710, 45651
1789869996.3209941,2026/09/20 10:06:36.404, 98, 31, 286.26, 1950, 45651
1789869996.5211346,2026/09/20 10:06:36.587, 100, 51, 303.85, 1755, 45651
1789869996.72127,2026/09/20 10:06:36.787, 100, 49, 309.74, 1695, 45651
1789869996.9213536,2026/09/20 10:06:36.985, 100, 53, 313.91, 1845, 45651
1789869997.121435,2026/09/20 10:06:37.203, 100, 49, 314.93, 1830, 45651
1789869997.321568,2026/09/20 10:06:37.383, 100, 50, 314.63, 1785, 45651
1789869997.5217254,2026/09/20 10:06:37.603, 100, 52, 324.88, 1890, 45651
1789869997.7218132,2026/09/20 10:06:37.802, 100, 55, 325.37, 1860, 45651
1789869997.9218967,2026/09/20 10:06:37.983, 100, 56, 327.59, 1740, 45651
1789869998.12198,2026/09/20 10:06:38.187, 99, 56, 329.07, 1725, 45651
1789869998.3221142,2026/09/20 10:06:38.348, 100, 56, 334.58, 1785, 45651
1789869998.5222518,2026/09/20 10:06:38.603, 100, 57, 336.73, 1725, 45651
1789869998.7224014,2026/09/20 10:06:38.784, 100, 56, 343.31, 1815, 45651
1789869998.9225466,2026/09/20 10:06:38.982, 100, 56, 344.64, 1815, 45651
1789869999.1226816,2026/09/20 10:06:39.183, 100, 57, 345.76, 1800, 45651
1789869999.3228228,2026/09/20 10:06:39.383, 100, 57, 346.01, 1785, 45651
1789869999.5229745,2026/09/20 10:06:39.588, 100, 56, 345.78, 1785, 45651
1789869999.7231145,2026/09/20 10:06:39.792, 100, 57, 345.52, 1770, 45651
1789869999.923255,2026/09/20 10:06:39.991, 100, 56, 344.95, 1755, 45651
1789870000.123403,2026/09/20 10:06:40.170, 100, 56, 344.24, 1740, 45651
1789870000.3235717,2026/09/20 10:06:40.369, 99, 52, 342.23, 1845, 45651
1789870000.52366,2026/09/20 10:06:40.572, 0, 0, 310.01, 1950, 45651
1789870000.7237942,2026/09/20 10:06:40.812, 0, 0, 273.72, 1950, 45651
1789870000.9239378,2026/09/20 10:06:40.989, 59, 1, 237.53, 1950, 45651
1789870001.1240854,2026/09/20 10:06:41.206, 97, 31, 218.29, 1890, 45651
1789870001.3242242,2026/09/20 10:06:41.368, 95, 48, 213.18, 1770, 45651
1789870001.5243633,2026/09/20 10:06:41.568, 96, 48, 224.37, 1710, 45651
1789870001.7245026,2026/09/20 10:06:41.808, 96, 48, 255.43, 1860, 45651
1789870001.9246395,2026/09/20 10:06:42.007, 96, 46, 285.65, 1935, 45651
1789870002.1247895,2026/09/20 10:06:42.168, 97, 54, 304.51, 1725, 45651
1789870002.3249364,2026/09/20 10:06:42.408, 100, 49, 309.82, 1830, 45651
1789870002.525089,2026/09/20 10:06:42.606, 100, 51, 310.40, 1710, 45651
1789870002.7252655,2026/09/20 10:06:42.787, 100, 51, 312.36, 1800, 45651
1789870002.9253569,2026/09/20 10:06:42.988, 100, 49, 312.88, 1710, 45651
1789870003.1255019,2026/09/20 10:06:43.168, 100, 52, 327.85, 1770, 45651
1789870003.325608,2026/09/20 10:06:43.409, 100, 60, 324.10, 1800, 45651
1789870003.5256941,2026/09/20 10:06:43.606, 100, 54, 327.64, 1755, 45651
1789870003.725781,2026/09/20 10:06:43.788, 100, 56, 329.54, 1800, 45651
1789870003.925862,2026/09/20 10:06:43.970, 100, 56, 334.02, 1755, 45651
1789870004.1259446,2026/09/20 10:06:44.207, 100, 57, 338.39, 1815, 45651
1789870004.3260314,2026/09/20 10:06:44.390, 100, 56, 344.64, 1785, 45651
1789870004.5261135,2026/09/20 10:06:44.570, 100, 56, 345.83, 1740, 45651
1789870004.726261,2026/09/20 10:06:44.806, 100, 57, 344.22, 1770, 45651
1789870004.9264026,2026/09/20 10:06:44.969, 100, 56, 344.04, 1710, 45651
1789870005.1264985,2026/09/20 10:06:45.191, 100, 56, 343.23, 1755, 45651
1789870005.3266408,2026/09/20 10:06:45.369, 100, 57, 342.51, 1710, 45651
1789870005.5267713,2026/09/20 10:06:45.608, 100, 56, 341.92, 1725, 45651
1789870005.7268536,2026/09/20 10:06:45.753, 100, 56, 342.85, 1815, 45651
1789870005.9269414,2026/09/20 10:06:45.973, 100, 56, 343.24, 1815, 45651
1789870006.127033,2026/09/20 10:06:46.196, 1, 0, 317.77, 1905, 45651
1789870006.32717,2026/09/20 10:06:46.395, 0, 0, 281.40, 1905, 45651
1789870006.5273342,2026/09/20 10:06:46.612, 21, 0, 243.72, 1905, 45651
1789870006.7274158,2026/09/20 10:06:46.771, 97, 23, 217.40, 1950, 45651
1789870006.9275541,2026/09/20 10:06:46.991, 96, 46, 207.06, 1800, 45651
1789870007.1276398,2026/09/20 10:06:47.192, 96, 49, 211.03, 1725, 45651
1789870007.3277802,2026/09/20 10:06:47.396, 96, 49, 243.21, 1785, 45651
1789870007.5279782,2026/09/20 10:06:47.616, 96, 48, 276.00, 1920, 45651
1789870007.7280626,2026/09/20 10:06:47.812, 98, 33, 298.03, 1830, 45651
1789870007.9282064,2026/09/20 10:06:47.995, 100, 55, 311.95, 1755, 45651
1789870008.1283,2026/09/20 10:06:48.191, 100, 49, 310.64, 1815, 45651
1789870008.3284457,2026/09/20 10:06:48.373, 100, 51, 311.04, 1815, 45651
1789870008.5285892,2026/09/20 10:06:48.573, 100, 51, 312.99, 1800, 45651
1789870008.7287347,2026/09/20 10:06:48.773, 100, 49, 319.99, 1710, 45651
1789870008.9288774,2026/09/20 10:06:49.005, 100, 53, 323.72, 1695, 45651
1789870009.1290228,2026/09/20 10:06:49.192, 100, 59, 326.26, 1770, 45651
1789870009.329104,2026/09/20 10:06:49.390, 100, 56, 330.67, 1770, 45651
1789870009.5292594,2026/09/20 10:06:49.610, 100, 56, 332.54, 1785, 45651
1789870009.7294006,2026/09/20 10:06:49.812, 100, 57, 336.31, 1770, 45651
1789870009.9294884,2026/09/20 10:06:49.995, 100, 56, 340.25, 1740, 45651
1789870010.1295807,2026/09/20 10:06:50.176, 100, 56, 343.70, 1710, 45651
1789870010.3296943,2026/09/20 10:06:50.390, 100, 57, 343.13, 1740, 45651
1789870010.5298374,2026/09/20 10:06:50.574, 100, 56, 343.67, 1815, 45651
1789870010.7299778,2026/09/20 10:06:50.756, 100, 56, 343.74, 1785, 45651
1789870010.9301202,2026/09/20 10:06:50.991, 100, 58, 344.07, 1800, 45651
1789870011.1302662,2026/09/20 10:06:51.176, 100, 56, 344.82, 1800, 45651
1789870011.3304005,2026/09/20 10:06:51.373, 100, 56, 345.53, 1770, 45651
1789870011.530568,2026/09/20 10:06:51.611, 100, 57, 345.42, 1815, 45651
1789870011.7307026,2026/09/20 10:06:51.816, 20, 1, 325.64, 1950, 45651
1789870011.9308336,2026/09/20 10:06:52.013, 0, 0, 289.86, 1950, 45651
1789870012.1309488,2026/09/20 10:06:52.157, 0, 0, 253.41, 1950, 45651
1789870012.3310845,2026/09/20 10:06:52.377, 98, 17, 222.11, 1830, 45651
1789870012.5311587,2026/09/20 10:06:52.594, 97, 32, 211.51, 1740, 45651
1789870012.7313,2026/09/20 10:06:52.795, 96, 49, 209.14, 1710, 45651
1789870012.931448,2026/09/20 10:06:53.016, 95, 48, 240.42, 1740, 45651
1789870013.131589,2026/09/20 10:06:53.177, 95, 46, 269.64, 1725, 45651
1789870013.3317285,2026/09/20 10:06:53.377, 95, 11, 290.38, 1950, 45651
1789870013.5318773,2026/09/20 10:06:53.577, 100, 54, 307.19, 1740, 45651
1789870013.7320244,2026/09/20 10:06:53.799, 99, 49, 309.49, 1755, 45651
1789870013.932167,2026/09/20 10:06:53.999, 100, 53, 311.76, 1755, 45651
1789870014.1323197,2026/09/20 10:06:54.200, 100, 49, 312.16, 1815, 45651
1789870014.33248,2026/09/20 10:06:54.378, 100, 52, 315.11, 1815, 45651
1789870014.5326176,2026/09/20 10:06:54.596, 100, 39, 320.30, 1755, 45651
1789870014.7327538,2026/09/20 10:06:54.795, 100, 58, 325.42, 1800, 45651
1789870014.9328918,2026/09/20 10:06:54.957, 100, 56, 329.89, 1755, 45651
1789870015.1330357,2026/09/20 10:06:55.195, 100, 57, 333.59, 1800, 45651
1789870015.3331728,2026/09/20 10:06:55.396, 100, 56, 338.21, 1815, 45651
1789870015.53326,2026/09/20 10:06:55.558, 100, 57, 339.67, 1725, 45651
1789870015.7333367,2026/09/20 10:06:55.776, 100, 56, 344.02, 1740, 45651
1789870015.933414,2026/09/20 10:06:55.994, 100, 56, 344.05, 1770, 45651
1789870016.1335506,2026/09/20 10:06:56.177, 100, 56, 343.68, 1725, 45651
1789870016.3336313,2026/09/20 10:06:56.395, 100, 56, 343.22, 1740, 45651
1789870016.5337157,2026/09/20 10:06:56.577, 100, 57, 342.65, 1710, 45651
1789870016.7338018,2026/09/20 10:06:56.777, 100, 56, 342.63, 1695, 45651
1789870016.9338918,2026/09/20 10:06:56.996, 100, 56, 343.03, 1725, 45651
1789870017.1340234,2026/09/20 10:06:57.195, 99, 56, 343.21, 1695, 45651
1789870017.3341577,2026/09/20 10:06:57.376, 85, 34, 337.28, 1935, 45651
1789870017.5342944,2026/09/20 10:06:57.618, 0, 0, 301.83, 1950, 45651
1789870017.7343786,2026/09/20 10:06:57.778, 0, 0, 265.81, 1950, 45651
1789870017.9344678,2026/09/20 10:06:58.015, 89, 3, 231.23, 1935, 45651
1789870018.1345491,2026/09/20 10:06:58.195, 98, 25, 214.72, 1695, 45651
1789870018.3346884,2026/09/20 10:06:58.396, 96, 47, 209.75, 1830, 45651
1789870018.534827,2026/09/20 10:06:58.615, 95, 48, 229.43, 1695, 45651
1789870018.7349012,2026/09/20 10:06:58.776, 96, 49, 260.23, 1710, 45651
1789870018.9350421,2026/09/20 10:06:59.018, 98, 31, 286.12, 1950, 45651
1789870019.135177,2026/09/20 10:06:59.219, 100, 54, 308.92, 1695, 45651
1789870019.3352787,2026/09/20 10:06:59.384, 100, 49, 308.35, 1695, 45651
1789870019.5354254,2026/09/20 10:06:59.604, 100, 53, 311.80, 1770, 45651
1789870019.7355022,2026/09/20 10:06:59.760, 100, 51, 312.83, 1725, 45651
1789870019.935585,2026/09/20 10:06:59.982, 100, 50, 313.02, 1725, 45651
1789870020.1357248,2026/09/20 10:07:00.181, 99, 53, 323.44, 1845, 45651
1789870020.3358645,2026/09/20 10:07:00.418, 100, 55, 324.55, 1875, 45651
1789870020.536001,2026/09/20 10:07:00.582, 100, 56, 327.64, 1740, 45651
1789870020.7361376,2026/09/20 10:07:00.762, 100, 56, 329.78, 1725, 45651
1789870020.9362783,2026/09/20 10:07:00.962, 100, 56, 335.04, 1815, 45651
1789870021.1363614,2026/09/20 10:07:01.203, 99, 56, 337.13, 1740, 45651
1789870021.3365173,2026/09/20 10:07:01.383, 100, 56, 342.85, 1710, 45651
1789870021.5366607,2026/09/20 10:07:01.583, 100, 56, 344.30, 1695, 45651
1789870021.7367969,2026/09/20 10:07:01.784, 100, 58, 345.02, 1785, 45651
1789870021.9369357,2026/09/20 10:07:01.981, 100, 56, 345.09, 1785, 45651
1789870022.1370726,2026/09/20 10:07:02.181, 100, 56, 345.09, 1770, 45651
1789870022.3371527,2026/09/20 10:07:02.404, 100, 57, 345.13, 1800, 45651
1789870022.5372374,2026/09/20 10:07:02.580, 100, 56, 344.90, 1755, 45651
1789870022.7373228,2026/09/20 10:07:02.780, 100, 56, 344.58, 1740, 45651
1789870022.9373949,2026/09/20 10:07:02.981, 99, 51, 343.11, 1860, 45651
1789870023.1375253,2026/09/20 10:07:03.204, 0, 0, 310.52, 1950, 45651
1789870023.3376074,2026/09/20 10:07:03.422, 0, 0, 256.17, 1950, 45651
1789870023.5377407,2026/09/20 10:07:03.600, 69, 2, 238.43, 1950, 45651
1789870023.7378745,2026/09/20 10:07:03.783, 98, 29, 222.19, 1845, 45651
1789870023.938008,2026/09/20 10:07:03.984, 96, 48, 214.24, 1800, 45651
1789870024.1381407,2026/09/20 10:07:04.181, 96, 50, 227.64, 1875, 45651
1789870024.338279,2026/09/20 10:07:04.382, 96, 49, 259.52, 1830, 45651
1789870024.5383537,2026/09/20 10:07:04.564, 96, 37, 288.70, 1935, 45651
1789870024.7384899,2026/09/20 10:07:04.804, 100, 50, 304.67, 1680, 45651
1789870024.9386263,2026/09/20 10:07:04.999, 100, 49, 311.57, 1695, 45651
1789870025.138784,2026/09/20 10:07:05.202, 100, 53, 311.53, 1725, 45651
1789870025.338913,2026/09/20 10:07:05.381, 100, 48, 308.63, 1725, 45651
1789870025.5390496,2026/09/20 10:07:05.596, 100, 52, 310.54, 1725, 45651
1789870025.7391417,2026/09/20 10:07:05.764, 100, 51, 324.79, 1785, 45651
1789870025.9392712,2026/09/20 10:07:05.982, 100, 60, 323.06, 1755, 45651
1789870026.139412,2026/09/20 10:07:06.201, 100, 58, 326.52, 1815, 45651
1789870026.3395011,2026/09/20 10:07:06.423, 100, 57, 333.30, 1725, 45651
1789870026.5396357,2026/09/20 10:07:06.565, 100, 57, 335.40, 1770, 45651
1789870026.739774,2026/09/20 10:07:06.787, 100, 57, 336.75, 1770, 45651
1789870026.9398625,2026/09/20 10:07:06.988, 100, 56, 344.96, 1770, 45651
1789870027.1399996,2026/09/20 10:07:07.164, 100, 56, 346.56, 1725, 45651
1789870027.3401337,2026/09/20 10:07:07.385, 100, 56, 344.18, 1755, 45651
1789870027.5402617,2026/09/20 10:07:07.622, 100, 56, 343.38, 1755, 45651
1789870027.7404008,2026/09/20 10:07:07.823, 100, 56, 343.12, 1770, 45651
1789870027.940541,2026/09/20 10:07:08.003, 100, 56, 343.69, 1740, 45651
1789870028.1406703,2026/09/20 10:07:08.203, 100, 56, 343.79, 1725, 45651
1789870028.340815,2026/09/20 10:07:08.422, 100, 57, 343.91, 1740, 45651
1789870028.5409584,2026/09/20 10:07:08.565, 100, 56, 344.05, 1800, 45651
1789870028.7411199,2026/09/20 10:07:08.828, 0, 0, 304.27, 1950, 45651
1789870028.9412622,2026/09/20 10:07:09.018, 0, 0, 267.81, 1950, 45651
1789870029.1413448,2026/09/20 10:07:09.165, 13, 0, 249.51, 1950, 45651
1789870029.3414776,2026/09/20 10:07:09.385, 98, 24, 224.80, 1920, 45651
1789870029.5416107,2026/09/20 10:07:09.566, 97, 49, 216.30, 1845, 45651
1789870029.7417462,2026/09/20 10:07:09.785, 96, 50, 217.10, 1725, 45651
1789870029.9418833,2026/09/20 10:07:10.022, 95, 47, 263.42, 1845, 45651
1789870030.141969,2026/09/20 10:07:10.203, 95, 47, 278.67, 1845, 45651
1789870030.3420584,2026/09/20 10:07:10.368, 96, 30, 300.14, 1815, 45651
1789870030.5421484,2026/09/20 10:07:10.585, 100, 51, 312.72, 1815, 45651
1789870030.7422795,2026/09/20 10:07:10.783, 100, 49, 310.51, 1845, 45651
1789870030.942419,2026/09/20 10:07:10.985, 100, 54, 312.25, 1695, 45651
1789870031.1426072,2026/09/20 10:07:11.185, 73, 33, 308.43, 1950, 45651
1789870031.3427606,2026/09/20 10:07:11.402, 0, 0, 283.75, 1950, 45651
1789870031.5428486,2026/09/20 10:07:11.584, 0, 0, 252.95, 1950, 45651
1789870031.7429416,2026/09/20 10:07:11.804, 100, 50, 246.87, 1710, 45651
1789870031.9430265,2026/09/20 10:07:12.003, 100, 43, 246.41, 1740, 45651
1789870032.1431222,2026/09/20 10:07:12.208, 100, 58, 246.73, 1860, 45651
1789870032.3432612,2026/09/20 10:07:12.388, 100, 57, 272.74, 1785, 45651
1789870032.5433974,2026/09/20 10:07:12.587, 100, 56, 308.30, 1770, 45651
1789870032.7435362,2026/09/20 10:07:12.768, 100, 56, 334.95, 1740, 45651
1789870032.943654,2026/09/20 10:07:12.989, 100, 57, 339.10, 1740, 45651
1789870033.1438017,2026/09/20 10:07:13.188, 100, 57, 341.83, 1740, 45651
1789870033.3439822,2026/09/20 10:07:13.427, 100, 56, 341.88, 1785, 45651
1789870033.544058,2026/09/20 10:07:13.608, 100, 56, 341.66, 1740, 45651
1789870033.7441995,2026/09/20 10:07:13.827, 100, 56, 342.21, 1755, 45651
1789870033.944345,2026/09/20 10:07:14.010, 100, 56, 342.62, 1725, 45651
1789870034.1444862,2026/09/20 10:07:14.210, 100, 56, 343.08, 1725, 45651
1789870034.3446474,2026/09/20 10:07:14.426, 100, 57, 343.81, 1725, 45651
1789870034.5447965,2026/09/20 10:07:14.589, 100, 57, 344.20, 1815, 45651
1789870034.744885,2026/09/20 10:07:14.770, 98, 44, 342.09, 1905, 45651
1789870034.94506,2026/09/20 10:07:14.990, 0, 0, 305.36, 1935, 45651
1789870035.1452,2026/09/20 10:07:15.168, 0, 0, 269.15, 1950, 45651
1789870035.3453753,2026/09/20 10:07:15.366, 84, 3, 233.68, 1950, 45651
1789870035.5455139,2026/09/20 10:07:15.570, 98, 26, 217.41, 1890, 45651
1789870035.7456548,2026/09/20 10:07:15.771, 96, 47, 209.73, 1725, 45651
1789870035.9457424,2026/09/20 10:07:15.970, 96, 48, 225.40, 1725, 45651
1789870036.1458743,2026/09/20 10:07:16.189, 96, 49, 258.70, 1740, 45651
1789870036.3460078,2026/09/20 10:07:16.406, 96, 31, 285.77, 1950, 45651
1789870036.5460858,2026/09/20 10:07:16.606, 100, 49, 301.23, 1740, 45651
1789870036.7461596,2026/09/20 10:07:16.789, 100, 51, 311.60, 1710, 45651
1789870036.946289,2026/09/20 10:07:16.989, 100, 51, 314.93, 1815, 45651
1789870037.1464207,2026/09/20 10:07:17.188, 100, 50, 313.77, 1785, 45651
1789870037.3465526,2026/09/20 10:07:17.426, 100, 54, 321.19, 1815, 45651
1789870037.5466871,2026/09/20 10:07:17.610, 100, 51, 326.35, 1905, 45651
1789870037.7468257,2026/09/20 10:07:17.790, 100, 55, 327.44, 1830, 45651
1789870037.94696,2026/09/20 10:07:18.025, 100, 55, 328.75, 1785, 45651
1789870038.1471121,2026/09/20 10:07:18.172, 100, 57, 330.82, 1695, 45651
1789870038.347257,2026/09/20 10:07:18.414, 100, 56, 335.19, 1755, 45651
1789870038.5474,2026/09/20 10:07:18.572, 100, 57, 337.22, 1800, 45651
1789870038.7475412,2026/09/20 10:07:18.811, 100, 56, 342.10, 1740, 45651
1789870038.9476204,2026/09/20 10:07:19.011, 100, 56, 344.87, 1740, 45651
1789870039.1477065,2026/09/20 10:07:19.211, 100, 57, 345.23, 1695, 45651
1789870039.3478,2026/09/20 10:07:19.373, 100, 56, 345.63, 1770, 45651
1789870039.5478845,2026/09/20 10:07:19.572, 100, 56, 344.82, 1770, 45651
1789870039.7479644,2026/09/20 10:07:19.815, 100, 56, 344.73, 1815, 45651
1789870039.9480565,2026/09/20 10:07:20.015, 100, 56, 344.33, 1785, 45651
1789870040.1481984,2026/09/20 10:07:20.211, 100, 57, 343.88, 1785, 45651
1789870040.3483403,2026/09/20 10:07:20.387, 100, 51, 342.64, 1890, 45651
1789870040.5484378,2026/09/20 10:07:20.593, 1, 0, 311.98, 1950, 45651
1789870040.748574,2026/09/20 10:07:20.794, 0, 0, 275.58, 1950, 45651
1789870040.948714,2026/09/20 10:07:20.975, 60, 1, 240.30, 1950, 45651
1789870041.1488512,2026/09/20 10:07:21.230, 98, 31, 215.76, 1695, 45651
1789870041.3489943,2026/09/20 10:07:21.415, 96, 49, 213.99, 1830, 45651
1789870041.5491512,2026/09/20 10:07:21.632, 96, 49, 240.28, 1875, 45651
1789870041.749294,2026/09/20 10:07:21.831, 95, 46, 271.35, 1710, 45651
1789870041.9493687,2026/09/20 10:07:21.995, 96, 43, 286.73, 1935, 45651
1789870042.149448,2026/09/20 10:07:22.211, 98, 53, 308.88, 1785, 45651
1789870042.349521,2026/09/20 10:07:22.412, 100, 52, 311.83, 1710, 45651
1789870042.5495942,2026/09/20 10:07:22.592, 100, 50, 311.20, 1755, 45651
1789870042.749726,2026/09/20 10:07:22.774, 100, 54, 313.95, 1845, 45651
1789870042.9498038,2026/09/20 10:07:23.011, 100, 50, 314.88, 1695, 45651
1789870043.1499746,2026/09/20 10:07:23.215, 100, 50, 322.87, 1845, 45651
1789870043.3501384,2026/09/20 10:07:23.431, 100, 52, 324.15, 1875, 45651
1789870043.5502696,2026/09/20 10:07:23.593, 100, 57, 327.87, 1710, 45651
1789870043.7504022,2026/09/20 10:07:23.793, 100, 56, 330.96, 1740, 45651
1789870043.9505484,2026/09/20 10:07:23.994, 100, 56, 333.75, 1800, 45651
1789870044.150675,2026/09/20 10:07:24.196, 100, 58, 338.83, 1815, 45651
1789870044.3507516,2026/09/20 10:07:24.410, 100, 56, 342.91, 1755, 45651
1789870044.5508828,2026/09/20 10:07:24.594, 100, 56, 346.29, 1785, 45651
1789870044.7509577,2026/09/20 10:07:24.811, 100, 56, 344.02, 1800, 45651
1789870044.9510403,2026/09/20 10:07:24.996, 100, 56, 344.23, 1770, 45651
1789870045.1511798,2026/09/20 10:07:25.197, 100, 56, 343.85, 1755, 45651
1789870045.3513153,2026/09/20 10:07:25.396, 100, 57, 343.38, 1770, 45651
1789870045.5513937,2026/09/20 10:07:25.636, 100, 55, 342.93, 1800, 45651
1789870045.7515266,2026/09/20 10:07:25.796, 100, 56, 342.93, 1755, 45651
1789870045.951668,2026/09/20 10:07:26.018, 72, 27, 334.80, 1920, 45651
1789870046.1517427,2026/09/20 10:07:26.215, 0, 0, 298.67, 1950, 45651
1789870046.3518775,2026/09/20 10:07:26.418, 0, 0, 262.94, 1950, 45651
1789870046.5519533,2026/09/20 10:07:26.615, 12, 0, 228.40, 1950, 45651
1789870046.7520943,2026/09/20 10:07:26.814, 98, 24, 212.28, 1725, 45651
1789870046.9522355,2026/09/20 10:07:26.997, 96, 48, 211.43, 1845, 45651
1789870047.1523728,2026/09/20 10:07:27.200, 96, 48, 216.36, 1785, 45651
1789870047.3524537,2026/09/20 10:07:27.378, 96, 49, 247.18, 1845, 45651
1789870047.552589,2026/09/20 10:07:27.578, 96, 50, 277.98, 1860, 45651
1789870047.7527246,2026/09/20 10:07:27.835, 100, 60, 306.19, 1710, 45651
1789870047.9529107,2026/09/20 10:07:27.996, 100, 54, 311.56, 1725, 45651
1789870048.1530514,2026/09/20 10:07:28.218, 100, 50, 310.49, 1710, 45651
1789870048.353192,2026/09/20 10:07:28.397, 100, 53, 312.51, 1785, 45651
1789870048.5533342,2026/09/20 10:07:28.578, 100, 51, 313.60, 1845, 45651
1789870048.75348,2026/09/20 10:07:28.797, 100, 50, 320.39, 1845, 45651
1789870048.9536257,2026/09/20 10:07:29.018, 100, 50, 324.54, 1800, 45651
1789870049.1537724,2026/09/20 10:07:29.180, 100, 63, 327.73, 1770, 45651
1789870049.3538573,2026/09/20 10:07:29.414, 100, 56, 332.00, 1800, 45651
1789870049.5539458,2026/09/20 10:07:29.616, 100, 56, 335.70, 1815, 45651
1789870049.7541053,2026/09/20 10:07:29.797, 100, 56, 337.44, 1770, 45651
1789870049.954192,2026/09/20 10:07:30.039, 100, 55, 341.98, 1815, 45651
1789870050.1542847,2026/09/20 10:07:30.216, 100, 55, 342.06, 1770, 45651
1789870050.354372,2026/09/20 10:07:30.397, 100, 58, 341.85, 1740, 45651
1789870050.554519,2026/09/20 10:07:30.599, 100, 56, 342.45, 1725, 45651
1789870050.7546525,2026/09/20 10:07:30.798, 100, 56, 342.73, 1740, 45651
1789870050.954735,2026/09/20 10:07:30.998, 100, 56, 343.61, 1710, 45651
1789870051.154814,2026/09/20 10:07:31.215, 100, 58, 343.46, 1725, 45651
1789870051.3549519,2026/09/20 10:07:31.395, 100, 56, 344.25, 1770, 45651
1789870051.5550978,2026/09/20 10:07:31.601, 100, 57, 344.47, 1815, 45651
1789870051.7552528,2026/09/20 10:07:31.823, 0, 0, 307.86, 1950, 45651
1789870051.9553869,2026/09/20 10:07:32.000, 0, 0, 289.77, 1950, 45651
1789870052.155525,2026/09/20 10:07:32.220, 80, 2, 236.05, 1950, 45651
1789870052.355662,2026/09/20 10:07:32.423, 98, 29, 220.10, 1935, 45651
1789870052.5557926,2026/09/20 10:07:32.638, 97, 47, 211.23, 1845, 45651
1789870052.7559268,2026/09/20 10:07:32.781, 97, 49, 211.50, 1740, 45651
1789870052.9560573,2026/09/20 10:07:33.020, 96, 49, 259.04, 1845, 45651
1789870053.1561916,2026/09/20 10:07:33.239, 96, 38, 288.14, 1830, 45651
1789870053.3563476,2026/09/20 10:07:33.380, 96, 18, 292.90, 1755, 45651
1789870053.5564802,2026/09/20 10:07:33.622, 100, 53, 313.07, 1815, 45651
1789870053.7566116,2026/09/20 10:07:33.781, 100, 51, 312.65, 1845, 45651
1789870053.9567428,2026/09/20 10:07:33.999, 100, 50, 310.89, 1830, 45651
1789870054.1568825,2026/09/20 10:07:34.222, 99, 51, 313.55, 1845, 45651
1789870054.3569603,2026/09/20 10:07:34.402, 100, 49, 315.64, 1755, 45651
1789870054.557101,2026/09/20 10:07:34.618, 100, 57, 325.01, 1755, 45651
1789870054.7572327,2026/09/20 10:07:34.799, 100, 53, 324.43, 1755, 45651
1789870054.9573715,2026/09/20 10:07:35.021, 99, 55, 332.25, 1755, 45651
1789870055.1575344,2026/09/20 10:07:35.201, 100, 56, 332.97, 1725, 45651
1789870055.357615,2026/09/20 10:07:35.423, 100, 58, 338.63, 1740, 45651
1789870055.5577495,2026/09/20 10:07:35.619, 100, 58, 343.51, 1725, 45651
1789870055.7578325,2026/09/20 10:07:35.783, 100, 56, 343.27, 1815, 45651
1789870055.957918,2026/09/20 10:07:36.025, 100, 57, 345.27, 1710, 45651
1789870056.157994,2026/09/20 10:07:36.224, 100, 55, 344.98, 1695, 45651
